"Date","Price","Open","High","Low","Vol.","Change %"
"05/01/2024","2,302.01","2,291.51","2,328.27","2,277.60","","0.76%"
"04/01/2024","2,284.57","2,239.59","2,431.53","2,228.54","","2.34%"
"03/01/2024","2,232.38","2,043.44","2,235.90","2,038.55","","9.26%"
"02/01/2024","2,043.24","2,037.59","2,065.42","1,984.30","","0.30%"
"01/01/2024","2,037.19","2,062.90","2,079.02","2,001.91","","-1.23%"
"12/01/2023","2,062.59","2,034.49","2,135.90","1,973.09","","1.32%"
"11/01/2023","2,035.75","1,983.01","2,052.09","1,931.73","","2.66%"
"10/01/2023","1,983.01","1,848.05","2,009.59","1,809.80","","7.27%"
"09/01/2023","1,848.58","1,939.86","1,953.06","1,846.34","","-4.70%"
"08/01/2023","1,939.74","1,965.10","1,966.24","1,884.35","","-1.24%"
"07/01/2023","1,964.19","1,919.40","1,987.59","1,902.68","","2.32%"
"06/01/2023","1,919.57","1,962.80","1,983.52","1,893.01","","-2.18%"
"05/01/2023","1,962.30","1,991.34","2,073.29","1,932.08","","-1.37%"
"04/01/2023","1,989.65","1,970.84","2,048.84","1,949.82","","1.11%"
"03/01/2023","1,967.90","1,827.24","2,010.19","1,809.40","","7.70%"
"02/01/2023","1,827.15","1,927.92","1,959.77","1,804.65","","-5.22%"
"01/01/2023","1,927.88","1,823.85","1,949.27","1,823.85","","5.67%"
"12/01/2022","1,824.40","1,768.54","1,833.39","1,765.32","","3.16%"
"11/01/2022","1,768.45","1,633.40","1,786.68","1,616.18","","8.29%"
"10/01/2022","1,633.12","1,661.30","1,729.73","1,617.21","","-1.60%"
"09/01/2022","1,659.67","1,711.09","1,735.37","1,614.35","","-2.98%"
"08/01/2022","1,710.70","1,765.05","1,807.90","1,709.10","","-3.09%"
"07/01/2022","1,765.22","1,807.31","1,814.36","1,680.78","","-2.31%"
"06/01/2022","1,806.89","1,837.37","1,877.38","1,802.20","","-1.64%"
"05/01/2022","1,837.09","1,896.09","1,910.03","1,786.95","","-3.13%"
"04/01/2022","1,896.40","1,937.51","1,998.60","1,872.19","","-2.11%"
"03/01/2022","1,937.23","1,908.19","2,070.29","1,890.03","","1.54%"
"02/01/2022","1,907.90","1,796.72","1,974.48","1,788.39","","6.20%"
"01/01/2022","1,796.47","1,830.14","1,853.98","1,779.88","","-1.75%"
"12/01/2021","1,828.39","1,774.15","1,830.58","1,753.84","","3.08%"
"11/01/2021","1,773.78","1,783.24","1,877.40","1,758.45","","-0.51%"
"10/01/2021","1,782.81","1,756.91","1,814.22","1,745.45","","1.49%"
"09/01/2021","1,756.66","1,813.57","1,834.55","1,721.07","","-3.13%"
"08/01/2021","1,813.43","1,814.34","1,832.10","1,684.77","","-0.01%"
"07/01/2021","1,813.58","1,770.06","1,833.99","1,765.47","","2.47%"
"06/01/2021","1,769.80","1,907.53","1,916.84","1,750.11","","-7.16%"
"05/01/2021","1,906.36","1,768.49","1,913.15","1,765.91","","7.79%"
"04/01/2021","1,768.59","1,708.09","1,798.29","1,705.42","","3.61%"
"03/01/2021","1,707.01","1,733.40","1,760.02","1,676.70","","-1.53%"
"02/01/2021","1,733.49","1,863.05","1,871.84","1,717.26","","-6.10%"
"01/01/2021","1,846.09","1,897.69","1,959.60","1,810.46","","-2.66%"
"12/01/2020","1,896.49","1,777.40","1,906.93","1,775.52","","6.72%"
"11/01/2020","1,777.02","1,878.59","1,965.92","1,764.69","","-5.37%"
"10/01/2020","1,877.95","1,885.80","1,933.45","1,859.67","","-0.40%"
"09/01/2020","1,885.44","1,967.63","1,992.38","1,848.45","","-4.28%"
"08/01/2020","1,969.75","1,980.98","2,073.41","1,864.30","","-0.25%"
"07/01/2020","1,974.69","1,781.60","1,981.22","1,757.68","","10.90%"
"06/01/2020","1,780.67","1,738.05","1,786.02","1,670.74","","3.15%"
"05/01/2020","1,726.30","1,685.95","1,765.94","1,670.06","","2.75%"
"04/01/2020","1,680.09","1,571.00","1,747.85","1,566.97","","6.94%"
"03/01/2020","1,571.05","1,591.10","1,702.96","1,451.50","","-0.86%"
"02/01/2020","1,584.74","1,590.20","1,689.11","1,547.40","","-0.32%"
"01/01/2020","1,589.81","1,517.24","1,611.15","1,517.12","","4.80%"
"12/01/2019","1,517.01","1,467.03","1,525.45","1,453.91","","3.63%"
"11/01/2019","1,463.90","1,513.32","1,515.81","1,445.61","","-3.26%"
"10/01/2019","1,513.16","1,472.30","1,518.81","1,459.00","","2.80%"
"09/01/2019","1,472.00","1,520.10","1,557.38","1,464.42","","-3.15%"
"08/01/2019","1,519.85","1,411.34","1,555.13","1,400.65","","7.52%"
"07/01/2019","1,413.55","1,392.83","1,452.96","1,381.84","","0.32%"
"06/01/2019","1,409.10","1,307.40","1,438.99","1,306.62","","7.96%"
"05/01/2019","1,305.25","1,283.59","1,307.11","1,266.18","","1.71%"
"04/01/2019","1,283.35","1,291.48","1,310.96","1,266.25","","-0.66%"
"03/01/2019","1,291.90","1,312.94","1,324.57","1,281.10","","-1.58%"
"02/01/2019","1,312.66","1,320.93","1,347.11","1,302.53","","-0.60%"
"01/01/2019","1,320.56","1,282.78","1,326.65","1,276.58","","2.95%"
"12/01/2018","1,282.73","1,223.19","1,284.34","1,221.22","","4.98%"
"11/01/2018","1,221.88","1,215.24","1,237.74","1,196.19","","0.64%"
"10/01/2018","1,214.14","1,192.19","1,243.63","1,183.24","","1.88%"
"09/01/2018","1,191.69","1,200.29","1,212.90","1,180.68","","-0.75%"
"08/01/2018","1,200.71","1,223.97","1,225.10","1,160.19","","-1.86%"
"07/01/2018","1,223.41","1,253.49","1,266.26","1,211.48","","-2.30%"
"06/01/2018","1,252.25","1,298.79","1,309.64","1,245.67","","-3.52%"
"05/01/2018","1,297.92","1,315.40","1,326.17","1,282.00","","-1.30%"
"04/01/2018","1,314.95","1,326.21","1,365.37","1,310.29","","-0.68%"
"03/01/2018","1,324.00","1,318.22","1,356.87","1,302.76","","0.48%"
"02/01/2018","1,317.66","1,345.08","1,361.97","1,306.99","","-2.01%"
"01/01/2018","1,344.70","1,302.62","1,366.26","1,302.60","","3.24%"
"12/01/2017","1,302.45","1,274.59","1,307.97","1,236.27","","2.20%"
"11/01/2017","1,274.36","1,270.94","1,299.44","1,265.49","","0.25%"
"10/01/2017","1,271.20","1,279.20","1,306.46","1,260.51","","-0.62%"
"09/01/2017","1,279.10","1,322.03","1,357.74","1,277.60","","-3.22%"
"08/01/2017","1,321.60","1,269.05","1,326.19","1,251.36","","4.14%"
"07/01/2017","1,269.05","1,241.76","1,271.29","1,204.73","","2.24%"
"06/01/2017","1,241.20","1,268.90","1,296.26","1,236.78","","-2.12%"
"05/01/2017","1,268.09","1,268.50","1,274.30","1,214.18","","0.03%"
"04/01/2017","1,267.65","1,248.30","1,295.66","1,243.69","","1.52%"
"03/01/2017","1,248.63","1,248.57","1,261.41","1,194.89","","0.01%"
"02/01/2017","1,248.52","1,210.60","1,264.18","1,198.04","","3.14%"
"01/01/2017","1,210.51","1,151.09","1,220.21","1,145.99","","5.13%"
"12/01/2016","1,151.46","1,173.01","1,188.09","1,122.69","","-1.81%"
"11/01/2016","1,172.70","1,276.90","1,337.85","1,170.72","","-8.19%"
"10/01/2016","1,277.28","1,317.83","1,319.93","1,241.46","","-2.93%"
"09/01/2016","1,315.80","1,309.35","1,353.03","1,302.33","","0.56%"
"08/01/2016","1,308.45","1,349.97","1,367.69","1,305.02","","-3.12%"
"07/01/2016","1,350.59","1,323.40","1,375.30","1,310.80","","2.18%"
"06/01/2016","1,321.78","1,215.85","1,358.47","1,206.02","","8.82%"
"05/01/2016","1,214.69","1,293.69","1,303.97","1,199.88","","-6.08%"
"04/01/2016","1,293.36","1,232.70","1,296.58","1,209.00","","4.98%"
"03/01/2016","1,231.95","1,238.19","1,282.90","1,208.55","","-0.47%"
"02/01/2016","1,237.76","1,117.85","1,261.17","1,116.24","","10.75%"
"01/01/2016","1,117.64","1,061.09","1,128.30","1,060.74","","5.35%"
"12/01/2015","1,060.91","1,064.55","1,089.13","1,046.22","","-0.29%"
"11/01/2015","1,064.02","1,141.74","1,143.10","1,052.84","","-6.83%"
"10/01/2015","1,142.00","1,115.15","1,191.11","1,104.72","","2.46%"
"09/01/2015","1,114.60","1,134.99","1,156.74","1,098.75","","-1.72%"
"08/01/2015","1,134.10","1,095.24","1,168.72","1,081.00","","3.53%"
"07/01/2015","1,095.40","1,173.10","1,175.43","1,077.45","","-6.55%"
"06/01/2015","1,172.20","1,190.90","1,205.88","1,162.84","","-1.48%"
"05/01/2015","1,189.75","1,184.55","1,232.60","1,170.64","","0.50%"
"04/01/2015","1,183.85","1,183.75","1,224.52","1,175.26","","0.06%"
"03/01/2015","1,183.10","1,213.90","1,223.60","1,143.18","","-2.43%"
"02/01/2015","1,212.55","1,281.44","1,285.67","1,191.16","","-5.48%"
"01/01/2015","1,282.80","1,183.88","1,306.50","1,168.75","","8.39%"
"12/01/2014","1,183.55","1,166.90","1,238.48","1,143.16","","1.41%"
"11/01/2014","1,167.04","1,173.60","1,207.94","1,132.13","","-0.59%"
"10/01/2014","1,173.92","1,209.24","1,255.43","1,161.53","","-2.88%"
"09/01/2014","1,208.74","1,287.05","1,290.32","1,204.65","","-6.09%"
"08/01/2014","1,287.07","1,282.00","1,322.93","1,273.41","","0.39%"
"07/01/2014","1,282.09","1,327.15","1,345.25","1,281.06","","-3.40%"
"06/01/2014","1,327.19","1,250.90","1,329.50","1,240.95","","6.12%"
"05/01/2014","1,250.69","1,291.65","1,315.82","1,242.24","","-3.14%"
"04/01/2014","1,291.29","1,284.25","1,331.34","1,268.52","","0.60%"
"03/01/2014","1,283.64","1,326.50","1,392.15","1,282.54","","-3.18%"
"02/01/2014","1,325.79","1,245.20","1,345.66","1,240.62","","6.64%"
"01/01/2014","1,243.19","1,207.76","1,278.40","1,199.29","","3.17%"
"12/01/2013","1,204.94","1,251.65","1,267.76","1,184.75","","-3.76%"
"11/01/2013","1,251.99","1,323.70","1,327.70","1,227.86","","-5.38%"
"10/01/2013","1,323.19","1,327.75","1,361.97","1,252.05","","-0.28%"
"09/01/2013","1,326.94","1,396.56","1,416.56","1,291.83","","-4.93%"
"08/01/2013","1,395.69","1,323.20","1,434.01","1,273.25","","5.54%"
"07/01/2013","1,322.49","1,234.10","1,348.30","1,207.88","","7.25%"
"06/01/2013","1,233.14","1,389.45","1,423.55","1,181.09","","-11.05%"
"05/01/2013","1,386.40","1,476.55","1,488.23","1,339.58","","-6.11%"
"04/01/2013","1,476.60","1,597.85","1,604.03","1,321.89","","-7.49%"
"03/01/2013","1,596.17","1,580.30","1,616.76","1,561.18","","1.04%"
"02/01/2013","1,579.76","1,663.80","1,684.88","1,555.10","","-5.00%"
"01/01/2013","1,662.99","1,675.05","1,696.38","1,626.40","","-0.68%"
"12/01/2012","1,674.34","1,714.00","1,723.48","1,635.61","","-2.34%"
"11/01/2012","1,714.40","1,720.55","1,754.68","1,672.74","","-0.36%"
"10/01/2012","1,720.55","1,771.09","1,796.19","1,698.89","","-2.86%"
"09/01/2012","1,771.22","1,692.12","1,787.74","1,685.62","","4.73%"
"08/01/2012","1,691.15","1,599.25","1,693.32","1,585.10","","4.79%"
"07/01/2012","1,613.90","1,599.30","1,629.71","1,554.95","","0.96%"
"06/01/2012","1,598.60","1,560.24","1,640.90","1,545.09","","2.43%"
"05/01/2012","1,560.70","1,666.75","1,673.20","1,529.00","","-6.23%"
"04/01/2012","1,664.36","1,668.53","1,681.14","1,612.28","","-0.27%"
"03/01/2012","1,668.90","1,696.20","1,726.21","1,628.29","","-1.55%"
"02/01/2012","1,695.20","1,738.39","1,790.80","1,688.49","","-2.54%"
"01/01/2012","1,739.43","1,566.15","1,747.79","1,564.91","","11.20%"
"12/01/2011","1,564.30","1,746.49","1,762.25","1,522.44","","-10.39%"
"11/01/2011","1,745.70","1,714.65","1,803.20","1,666.48","","1.78%"
"10/01/2011","1,715.25","1,619.49","1,753.99","1,597.14","","5.64%"
"09/01/2011","1,623.75","1,823.09","1,920.80","1,534.99","","-10.97%"
"08/01/2011","1,823.80","1,626.64","1,911.96","1,608.19","","12.12%"
"07/01/2011","1,626.64","1,501.34","1,632.80","1,478.51","","8.44%"
"06/01/2011","1,500.10","1,535.15","1,558.25","1,490.80","","-2.30%"
"05/01/2011","1,535.35","1,569.29","1,577.79","1,464.40","","-1.93%"
"04/01/2011","1,565.60","1,434.09","1,571.30","1,414.55","","9.33%"
"03/01/2011","1,432.00","1,412.59","1,449.40","1,382.90","","1.44%"
"02/01/2011","1,411.65","1,332.15","1,418.27","1,325.14","","5.96%"
"01/01/2011","1,332.19","1,421.18","1,423.95","1,308.38","","-6.28%"
"12/01/2010","1,421.45","1,387.30","1,432.95","1,363.35","","2.64%"
"11/01/2010","1,384.85","1,360.59","1,424.50","1,324.04","","1.86%"
"10/01/2010","1,359.55","1,309.55","1,387.60","1,306.10","","3.82%"
"09/01/2010","1,309.50","1,248.50","1,316.80","1,236.70","","4.96%"
"08/01/2010","1,247.65","1,182.45","1,251.90","1,176.50","","5.65%"
"07/01/2010","1,180.90","1,242.15","1,244.00","1,157.40","","-4.95%"
"06/01/2010","1,242.35","1,216.10","1,265.90","1,197.65","","2.15%"
"05/01/2010","1,216.21","1,179.00","1,249.45","1,157.70","","3.13%"
"04/01/2010","1,179.25","1,113.40","1,182.05","1,112.35","","5.88%"
"03/01/2010","1,113.80","1,117.15","1,145.60","1,085.85","","-0.24%"
"02/01/2010","1,116.50","1,080.10","1,131.05","1,044.15","","3.23%"
"01/01/2010","1,081.55","1,096.75","1,162.00","1,074.25","","-1.34%"
"12/01/2009","1,096.20","1,179.75","1,226.60","1,074.60","","-7.01%"
"11/01/2009","1,178.85","1,044.30","1,195.30","1,040.65","","12.82%"
"10/01/2009","1,044.90","1,006.70","1,070.90","986.70","","3.69%"
"09/01/2009","1,007.70","950.55","1,024.85","947.00","","5.95%"
"08/01/2009","951.15","953.80","972.75","931.20","","-0.38%"
"07/01/2009","954.75","926.30","959.70","906.00","","3.01%"
"06/01/2009","926.85","979.60","990.80","913.90","","-5.42%"
"05/01/2009","980.00","887.30","981.00","880.55","","10.55%"
"04/01/2009","886.50","918.55","933.35","865.00","","-3.45%"
"03/01/2009","918.15","940.00","967.70","883.90","","-2.86%"
"02/01/2009","945.15","927.95","1,006.40","888.00","","1.88%"
"01/01/2009","927.75","880.30","931.40","802.65","","5.40%"
"12/01/2008","880.20","817.00","891.55","742.40","","7.67%"
"11/01/2008","817.50","724.85","832.10","702.25","","12.75%"
"10/01/2008","725.05","872.15","933.00","682.80","","-16.85%"
"09/01/2008","871.95","836.50","922.00","738.00","","4.95%"
"08/01/2008","830.80","914.55","917.90","774.90","","-9.09%"
"07/01/2008","913.85","926.50","988.75","894.50","","-1.22%"
"06/01/2008","925.10","887.75","936.00","857.80","","4.31%"
"05/01/2008","886.90","877.15","936.30","846.00","","1.83%"
"04/01/2008","870.95","916.25","953.60","863.30","","-4.89%"
"03/01/2008","915.70","973.40","1,031.20","905.05","","-5.84%"
"02/01/2008","972.48","924.38","976.27","885.67","","5.06%"
"01/01/2008","925.62","833.92","933.73","833.83","","11.04%"
"12/01/2007","833.60","783.10","843.60","777.40","","6.48%"
"11/01/2007","782.90","795.90","845.80","773.00","","-1.67%"
"10/01/2007","796.20","744.20","796.90","721.10","","7.00%"
"09/01/2007","744.10","673.40","745.90","671.40","","10.56%"
"08/01/2007","673.00","663.40","677.00","641.50","","1.43%"
"07/01/2007","663.50","651.25","687.60","645.50","","2.13%"
"06/01/2007","649.65","662.20","674.70","639.65","","-1.71%"
"05/01/2007","660.95","678.95","691.55","652.05","","-2.55%"
"04/01/2007","678.25","665.45","693.85","656.45","","2.21%"
"03/01/2007","663.60","669.70","677.70","632.80","","-0.95%"
"02/01/2007","669.95","652.85","689.35","643.15","","2.56%"
"01/01/2007","653.20","637.30","655.20","602.20","","2.58%"
"12/01/2006","636.80","648.00","650.00","611.80","","-1.77%"
"11/01/2006","648.30","606.40","649.00","605.70","","6.87%"
"10/01/2006","606.60","598.50","611.00","559.90","","1.39%"
"09/01/2006","598.30","625.30","640.75","571.70","","-4.56%"
"08/01/2006","626.90","636.00","655.95","607.30","","-1.21%"
"07/01/2006","634.58","617.88","676.38","601.98","","3.50%"
"06/01/2006","613.10","643.40","645.50","543.50","","-4.75%"
"05/01/2006","643.70","654.50","730.40","636.60","","-1.65%"
"04/01/2006","654.50","583.00","655.80","582.30","","12.14%"
"03/01/2006","583.65","561.15","589.15","534.05","","3.90%"
"02/01/2006","561.75","568.95","575.05","534.95","","-1.27%"
"01/01/2006","568.95","517.20","572.65","549.45","","9.92%"
"12/01/2005","517.60","493.90","517.60","517.60","","4.81%"
"11/01/2005","493.85","465.35","493.85","493.85","","6.16%"
"10/01/2005","465.20","467.65","465.20","465.20","","-0.84%"
"09/01/2005","469.15","435.10","469.15","469.15","","7.79%"
"08/01/2005","435.25","429.75","435.25","435.25","","1.17%"
"07/01/2005","430.20","434.90","430.20","430.20","","-1.16%"
"06/01/2005","435.25","417.00","435.25","435.25","","4.29%"
"05/01/2005","417.35","434.35","417.35","417.35","","-4.03%"
"04/01/2005","434.88","428.38","434.88","434.88","","1.50%"
"03/01/2005","428.45","435.65","428.45","428.45","","-1.65%"
"02/01/2005","435.62","422.38","435.62","435.62","","3.08%"
"01/01/2005","422.62","437.88","422.62","422.62","","-3.61%"
"12/01/2004","438.45","451.10","438.45","438.45","","-2.76%"
"11/01/2004","450.88","429.62","450.88","450.88","","5.22%"
"10/01/2004","428.52","418.12","428.52","428.52","","2.46%"
"09/01/2004","418.25","410.00","418.25","418.25","","2.06%"
"08/01/2004","409.82","394.38","409.82","409.82","","4.75%"
"07/01/2004","391.25","394.50","391.25","391.25","","-0.79%"
"06/01/2004","394.38","395.27","394.38","394.38","","-0.28%"
"05/01/2004","395.50","389.15","395.50","395.50","","2.04%"
"04/01/2004","387.60","426.90","387.60","387.60","","-9.15%"
"03/01/2004","426.62","397.12","426.62","426.62","","7.61%"
"02/01/2004","396.45","402.35","396.45","396.45","","-1.52%"
"01/01/2004","402.57","415.38","402.57","402.57","","-3.01%"
"12/01/2003","415.05","398.50","415.05","415.05","","4.32%"
"11/01/2003","397.88","384.62","397.88","397.88","","3.51%"
"10/01/2003","384.40","385.05","384.40","384.40","","-0.22%"
"09/01/2003","385.25","374.75","385.25","385.25","","2.58%"
"08/01/2003","375.57","355.48","375.57","375.57","","5.79%"
"07/01/2003","355.00","346.75","355.00","355.00","","2.48%"
"06/01/2003","346.40","362.35","346.40","346.40","","-5.09%"
"05/01/2003","364.98","339.77","364.98","364.98","","7.47%"
"04/01/2003","339.62","337.62","339.62","339.62","","0.63%"
"03/01/2003","337.48","348.62","337.48","337.48","","-3.54%"
"02/01/2003","349.85","368.10","349.85","349.85","","-5.06%"
"01/01/2003","368.48","346.38","368.48","368.48","","6.19%"
"12/01/2002","347.00","318.90","347.00","347.00","","8.76%"
"11/01/2002","319.05","317.75","319.05","319.05","","0.39%"
"10/01/2002","317.80","323.65","317.80","317.80","","-1.84%"
"09/01/2002","323.75","312.65","323.75","323.75","","3.52%"
"08/01/2002","312.75","303.75","312.75","312.75","","3.03%"
"07/01/2002","303.55","314.00","303.55","303.55","","-3.52%"
"06/01/2002","314.62","326.68","314.62","314.62","","-3.65%"
"05/01/2002","326.55","309.25","326.55","326.55","","5.90%"
"04/01/2002","308.35","302.25","308.35","308.35","","1.87%"
"03/01/2002","302.70","296.65","302.70","302.70","","1.94%"
"02/01/2002","296.95","282.75","296.95","296.95","","5.17%"
"01/01/2002","282.35","278.85","282.35","282.35","","1.22%"
"12/01/2001","278.95","274.80","278.95","278.95","","1.66%"
"11/01/2001","274.40","279.55","274.40","274.40","","-1.88%"
"10/01/2001","279.65","291.70","279.65","279.65","","-4.54%"
"09/01/2001","292.95","274.50","292.95","292.95","","6.74%"
"08/01/2001","274.45","266.55","274.45","274.45","","2.85%"
"07/01/2001","266.85","270.80","266.85","266.85","","-1.48%"
"06/01/2001","270.85","265.90","270.85","270.85","","1.80%"
"05/01/2001","266.05","263.85","266.05","266.05","","0.76%"
"04/01/2001","264.05","257.75","264.05","264.05","","2.36%"
"03/01/2001","257.95","267.15","257.95","257.95","","-3.48%"
"02/01/2001","267.25","266.15","267.25","267.25","","0.53%"
"01/01/2001","265.85","272.75","265.85","265.85","","-2.40%"
"12/01/2000","272.40","270.45","272.40","272.40","","0.76%"
"11/01/2000","270.35","265.05","270.35","270.35","","2.00%"
"10/01/2000","265.05","274.25","265.05","265.05","","-3.35%"
"09/01/2000","274.25","277.80","274.25","274.25","","-1.26%"
"08/01/2000","277.75","277.45","277.75","277.75","","0.18%"
"07/01/2000","277.25","289.65","277.25","277.25","","-4.43%"
"06/01/2000","290.10","272.10","290.10","290.10","","6.60%"
"05/01/2000","272.15","273.75","272.15","272.15","","-0.49%"
"04/01/2000","273.50","278.75","273.50","273.50","","-1.95%"
"03/01/2000","278.95","292.00","278.95","278.95","","-4.51%"
"02/01/2000","292.12","283.27","292.12","292.12","","3.14%"
"01/01/2000","283.23","288.38","283.23","283.23","","-1.74%"
"12/01/1999","288.25","291.20","288.25","288.25","","-0.90%"
"11/01/1999","290.88","296.88","290.88","290.88","","-2.81%"
"10/01/1999","299.30","299.00","299.30","299.30","","-0.07%"
"09/01/1999","299.50","256.55","299.50","299.50","","17.20%"
"08/01/1999","255.55","255.95","255.55","255.55","","-0.16%"
"07/01/1999","255.95","262.50","255.95","255.95","","-2.50%"
"06/01/1999","262.50","270.05","262.50","262.50","","-2.90%"
"05/01/1999","270.35","286.25","270.35","270.35","","-5.69%"
"04/01/1999","286.65","280.10","286.65","286.65","","2.36%"
"03/01/1999","280.05","286.90","280.05","280.05","","-2.35%"
"02/01/1999","286.80","286.60","286.80","286.80","","0.16%"
"01/01/1999","286.35","288.55","286.35","286.35","","-0.66%"
"12/01/1998","288.25","293.15","288.25","288.25","","-1.60%"
"11/01/1998","292.95","292.75","292.95","292.95","","0.14%"
"10/01/1998","292.55","296.55","292.55","292.55","","-1.48%"
"09/01/1998","296.95","277.35","296.95","296.95","","7.34%"
"08/01/1998","276.65","286.50","276.65","276.65","","-3.42%"
"07/01/1998","286.45","296.95","286.45","286.45","","-3.54%"
"06/01/1998","296.95","293.10","296.95","296.95","","1.37%"
"05/01/1998","292.95","306.85","292.95","292.95","","-4.47%"
"04/01/1998","306.65","300.95","306.65","306.65","","1.89%"
"03/01/1998","300.95","299.45","300.95","300.95","","0.60%"
"02/01/1998","299.15","302.85","299.15","299.15","","-1.09%"
"01/01/1998","302.45","288.85","302.45","302.45","","4.64%"
"12/01/1997","289.05","297.25","289.05","289.05","","-2.68%"
"11/01/1997","297.00","311.70","297.00","297.00","","-4.64%"
"10/01/1997","311.45","333.65","311.45","311.45","","-6.88%"
"09/01/1997","334.45","324.15","334.45","334.45","","3.18%"
"08/01/1997","324.15","324.65","324.15","324.15","","-0.12%"
"07/01/1997","324.55","333.95","324.55","324.55","","-2.81%"
"06/01/1997","333.95","344.75","333.95","333.95","","-3.10%"
"05/01/1997","344.65","339.55","344.65","344.65","","1.56%"
"04/01/1997","339.35","351.15","339.35","339.35","","-3.36%"
"03/01/1997","351.15","363.75","351.15","351.15","","-3.33%"
"02/01/1997","363.25","344.65","363.25","363.25","","5.49%"
"01/01/1997","344.35","367.95","344.35","344.35","","-6.44%"
"12/01/1996","368.05","371.25","368.05","368.05","","-0.90%"
"11/01/1996","371.40","377.85","371.40","371.40","","-1.73%"
"10/01/1996","377.95","378.45","377.95","377.95","","-0.16%"
"09/01/1996","378.55","386.60","378.55","378.55","","-2.12%"
"08/01/1996","386.75","386.50","386.75","386.75","","-0.08%"
"07/01/1996","387.05","380.25","387.05","387.05","","1.73%"
"06/01/1996","380.45","391.25","380.45","380.45","","-2.70%"
"05/01/1996","391.00","391.65","391.00","391.00","","-0.17%"
"04/01/1996","391.65","395.30","391.65","391.65","","-0.96%"
"03/01/1996","395.45","399.45","395.45","395.45","","-1.08%"
"02/01/1996","399.75","406.15","399.75","399.75","","-1.65%"
"01/01/1996","406.45","387.15","406.45","406.45","","5.00%"
"12/01/1995","387.10","387.25","387.10","387.10","","-0.05%"
"11/01/1995","387.30","382.60","387.30","387.30","","1.24%"
"10/01/1995","382.55","383.20","382.55","382.55","","-0.27%"
"09/01/1995","383.60","382.40","383.60","383.60","","0.30%"
"08/01/1995","382.45","382.60","382.45","382.45","","-0.04%"
"07/01/1995","382.60","384.55","382.60","382.60","","-0.47%"
"06/01/1995","384.40","384.05","384.40","384.40","","0.08%"
"05/01/1995","384.10","386.55","384.10","384.10","","-0.69%"
"04/01/1995","386.75","391.25","386.75","386.75","","-1.02%"
"03/01/1995","390.75","377.25","390.75","390.75","","3.69%"
"02/01/1995","376.85","375.00","376.85","376.85","","0.48%"
"01/01/1995","375.05","383.10","375.05","375.05","","-2.04%"
"12/01/1994","382.85","380.90","382.85","382.85","","0.42%"
"11/01/1994","381.25","383.90","381.25","381.25","","-0.72%"
"10/01/1994","384.00","394.95","384.00","384.00","","-2.75%"
"09/01/1994","394.85","386.25","394.85","394.85","","2.23%"
"08/01/1994","386.25","384.50","386.25","386.25","","0.73%"
"07/01/1994","383.45","386.20","383.45","383.45","","-0.60%"
"06/01/1994","385.75","387.00","385.75","385.75","","-0.28%"
"05/01/1994","386.85","376.85","386.85","386.85","","2.63%"
"04/01/1994","376.95","392.00","376.95","376.95","","-3.80%"
"03/01/1994","391.85","381.55","391.85","391.85","","2.71%"
"02/01/1994","381.50","381.80","381.50","381.50","","-0.20%"
"01/01/1994","382.25","390.80","382.25","382.25","","-2.18%"
"12/01/1993","390.75","370.40","390.75","390.75","","5.48%"
"11/01/1993","370.45","369.00","370.45","370.45","","0.43%"
"10/01/1993","368.85","355.25","368.85","368.85","","3.77%"
"09/01/1993","355.45","372.25","355.45","355.45","","-4.58%"
"08/01/1993","372.50","405.50","372.50","372.50","","-8.49%"
"07/01/1993","407.05","377.15","407.05","407.05","","7.90%"
"06/01/1993","377.25","378.75","377.25","377.25","","-0.46%"
"05/01/1993","379.00","356.00","379.00","379.00","","6.58%"
"04/01/1993","355.60","336.60","355.60","355.60","","5.52%"
"03/01/1993","337.00","328.55","337.00","337.00","","2.60%"
"02/01/1993","328.45","329.95","328.45","328.45","","-0.42%"
"01/01/1993","329.85","332.95","329.85","329.85","","-0.99%"
"12/01/1992","333.15","334.30","333.15","333.15","","-0.42%"
"11/01/1992","334.55","339.65","334.55","334.55","","-1.52%"
"10/01/1992","339.70","348.50","339.70","339.70","","-2.54%"
"09/01/1992","348.55","342.35","348.55","348.55","","1.78%"
"08/01/1992","342.45","358.25","342.45","342.45","","-4.30%"
"07/01/1992","357.85","343.30","357.85","357.85","","4.25%"
"06/01/1992","343.25","336.75","343.25","343.25","","1.99%"
"05/01/1992","336.55","338.65","336.55","336.55","","-0.18%"
"04/01/1992","337.15","345.00","337.15","337.15","","-1.82%"
"03/01/1992","343.40","353.60","343.40","343.40","","-2.75%"
"02/01/1992","353.10","357.80","353.10","353.10","","-1.09%"
"01/01/1992","357.00","354.65","357.00","357.00","","0.76%"
"12/01/1991","354.30","369.10","354.30","354.30","","-3.70%"
"11/01/1991","367.90","358.20","367.90","367.90","","2.78%"
"10/01/1991","357.95","354.55","357.95","357.95","","1.10%"
"09/01/1991","354.05","348.90","354.05","354.05","","1.58%"
"08/01/1991","348.55","365.55","348.55","348.55","","-4.23%"
"07/01/1991","363.95","370.45","363.95","363.95","","-1.17%"
"06/01/1991","368.25","364.25","368.25","368.25","","1.87%"
"05/01/1991","361.50","358.55","361.50","361.50","","1.37%"
"04/01/1991","356.60","359.25","356.60","356.60","","0.28%"
"03/01/1991","355.60","368.45","355.60","355.60","","-2.88%"
"02/01/1991","366.15","369.75","366.15","366.15","","-0.05%"
"01/01/1991","366.35","393.75","366.35","366.35","","-6.78%"
"12/01/1990","393.00","382.90","393.00","393.00","","2.81%"
"11/01/1990","382.25","383.85","382.25","382.25","","0.54%"
"10/01/1990","380.20","404.25","380.20","380.20","","-5.69%"
"09/01/1990","403.15","389.05","403.15","403.15","","5.26%"
"08/01/1990","383.00","375.65","383.00","383.00","","3.30%"
"07/01/1990","370.75","359.25","370.75","370.75","","3.84%"
"06/01/1990","357.05","364.55","357.05","357.05","","-1.88%"
"05/01/1990","363.90","371.60","363.90","363.90","","-1.36%"
"04/01/1990","368.90","370.55","368.90","368.90","","-0.42%"
"03/01/1990","370.45","408.85","370.45","370.45","","-8.92%"
"02/01/1990","406.75","418.45","406.75","406.75","","-1.20%"
"01/01/1990","411.70","403.85","411.70","411.70","","2.15%"
"12/01/1989","403.05","415.95","403.05","403.05","","-2.10%"
"11/01/1989","411.70","375.30","411.70","411.70","","10.11%"
"10/01/1989","373.90","366.91","373.90","373.90","","2.12%"
"09/01/1989","366.14","359.40","366.14","366.14","","2.19%"
"08/01/1989","358.29","370.47","358.29","358.29","","-3.18%"
"07/01/1989","370.07","377.37","370.07","370.07","","-0.90%"
"06/01/1989","373.44","362.46","373.44","373.44","","3.38%"
"05/01/1989","361.23","378.37","361.23","361.23","","-4.37%"
"04/01/1989","377.72","386.07","377.72","377.72","","-1.80%"
"03/01/1989","384.66","386.72","384.66","384.66","","-0.58%"
"02/01/1989","386.90","394.25","386.90","386.90","","-0.87%"
"01/01/1989","390.31","413.93","390.31","390.31","","-4.66%"
"12/01/1988","409.39","425.81","409.39","409.39","","-3.35%"
"11/01/1988","423.60","412.05","423.60","423.60","","2.78%"
"10/01/1988","412.16","399.12","412.16","412.16","","4.60%"
"09/01/1988","394.03","431.03","394.03","394.03","","-8.49%"
"08/01/1988","430.58","437.44","430.58","430.58","","-1.18%"
"07/01/1988","435.70","437.83","435.70","435.70","","0.18%"
"06/01/1988","434.92","460.17","434.92","434.92","","-4.29%"
"05/01/1988","454.41","450.73","454.41","454.41","","0.99%"
"04/01/1988","449.95","458.68","449.95","449.95","","-0.86%"
"03/01/1988","453.85","431.55","453.85","453.85","","5.49%"
"02/01/1988","430.23","455.80","430.23","430.23","","-5.24%"
"01/01/1988","454.01","488.92","454.01","454.01","","-6.55%"
"12/01/1987","485.85","492.67","485.85","485.85","","-0.94%"
"11/01/1987","490.46","471.00","490.46","490.46","","4.65%"
"10/01/1987","468.67","455.67","468.67","468.67","","2.11%"
"09/01/1987","458.98","455.96","458.98","458.98","","1.35%"
"08/01/1987","452.86","474.94","452.86","452.86","","-2.34%"
"07/01/1987","463.73","450.48","463.73","463.73","","3.36%"
"06/01/1987","448.64","450.48","448.64","448.64","","-0.58%"
"05/01/1987","451.27","456.53","451.27","451.27","","-0.51%"
"04/01/1987","453.60","419.72","453.60","453.60","","8.58%"
"03/01/1987","417.76","405.71","417.76","417.76","","3.08%"
"02/01/1987","405.27","407.34","405.27","405.27","","0.46%"
"01/01/1987","403.43","406.90","403.43","403.43","","3.39%"
"12/01/1986","390.19","400.43","390.19","390.19","","0.32%"
"11/01/1986","388.96","406.16","388.96","388.96","","-2.73%"
"10/01/1986","399.88","426.23","399.88","399.88","","-5.42%"
"09/01/1986","422.81","389.48","422.81","422.81","","10.26%"
"08/01/1986","383.45","358.80","383.45","383.45","","8.12%"
"07/01/1986","354.64","343.41","354.64","354.64","","3.24%"
"06/01/1986","343.52","340.40","343.52","343.52","","1.04%"
"05/01/1986","339.98","345.30","339.98","339.98","","-1.65%"
"04/01/1986","345.70","333.10","345.70","345.70","","2.25%"
"03/01/1986","338.10","335.60","338.10","338.10","","0.00%"
"02/01/1986","338.10","347.30","338.10","338.10","","-3.54%"
"01/01/1986","350.50","326.50","350.50","350.50","","6.31%"
"12/01/1985","329.70","321.70","329.70","329.70","","0.40%"
"11/01/1985","328.40","323.70","328.40","328.40","","0.95%"
"10/01/1985","325.30","322.50","325.30","325.30","","-0.21%"
"09/01/1985","326.00","328.20","326.00","326.00","","-2.16%"
"08/01/1985","333.20","322.10","333.20","333.20","","1.74%"
"07/01/1985","327.50","313.90","327.50","327.50","","3.08%"
"06/01/1985","317.70","318.10","317.70","317.70","","1.18%"
"05/01/1985","314.00","312.50","314.00","314.00","","-2.27%"
"04/01/1985","321.30","321.10","321.30","321.30","","-2.40%"
"03/01/1985","329.20","287.20","329.20","329.20","","14.42%"
"02/01/1985","287.70","303.60","287.70","287.70","","-6.16%"
"01/01/1985","306.60","305.50","306.60","306.60","","-0.55%"
"12/01/1984","308.30","329.50","308.30","308.30","","-6.29%"
"11/01/1984","329.00","333.80","329.00","329.00","","-1.35%"
"10/01/1984","333.50","345.40","333.50","333.50","","-2.97%"
"09/01/1984","343.70","341.20","343.70","343.70","","-1.29%"
"08/01/1984","348.20","339.00","348.20","348.20","","1.72%"
"07/01/1984","342.30","370.00","342.30","342.30","","-8.23%"
"06/01/1984","373.00","393.70","373.00","373.00","","-2.92%"
"05/01/1984","384.20","376.50","384.20","384.20","","2.24%"
"04/01/1984","375.80","387.20","375.80","375.80","","-3.27%"
"03/01/1984","388.50","392.70","388.50","388.50","","-1.45%"
"02/01/1984","394.20","378.10","394.20","394.20","","5.49%"
"01/01/1984","373.70","383.00","373.70","373.70","","-2.04%"
"12/01/1983","381.50","399.20","381.50","381.50","","-5.80%"
"11/01/1983","405.00","377.70","405.00","405.00","","6.02%"
"10/01/1983","382.00","389.00","382.00","382.00","","-5.68%"
"09/01/1983","405.00","416.60","405.00","405.00","","-2.22%"
"08/01/1983","414.20","411.20","414.20","414.20","","-1.85%"
"07/01/1983","422.00","416.20","422.00","422.00","","1.44%"
"06/01/1983","416.00","410.00","416.00","416.00","","-4.91%"
"05/01/1983","437.50","428.50","437.50","437.50","","1.93%"
"04/01/1983","429.20","417.00","429.20","429.20","","3.50%"
"03/01/1983","414.70","414.00","414.70","414.70","","1.52%"
"02/01/1983","408.50","508.50","408.50","408.50","","-18.22%"
"01/01/1983","499.50","452.00","499.50","499.50","","9.32%"
"12/01/1982","456.90","440.20","456.90","456.90","","4.79%"
"11/01/1982","436.00","427.50","436.00","436.00","","4.26%"
"10/01/1982","418.20","402.00","418.20","418.20","","5.34%"
"09/01/1982","397.00","405.20","397.00","397.00","","-3.52%"
"08/01/1982","411.50","351.30","411.50","411.50","","20.01%"
"07/01/1982","342.90","310.20","342.90","342.90","","8.00%"
"06/01/1982","317.50","318.75","317.50","317.50","","-2.38%"
"05/01/1982","325.25","345.50","325.25","325.25","","-9.97%"
"04/01/1982","361.25","327.00","361.25","361.25","","12.81%"
"03/01/1982","320.22","361.25","320.22","320.22","","-11.69%"
"02/01/1982","362.60","379.50","362.60","362.60","","-6.30%"
"01/01/1982","387.00","401.00","387.00","387.00","","-3.49%"
"12/01/1981","401.00","402.50","401.00","401.00","","-3.26%"
"11/01/1981","414.50","430.00","414.50","414.50","","-2.93%"
"10/01/1981","427.00","436.75","427.00","427.00","","-0.41%"
"09/01/1981","428.75","421.50","428.75","428.75","","0.41%"
"08/01/1981","427.00","392.50","427.00","427.00","","5.17%"
"07/01/1981","406.00","422.00","406.00","406.00","","-4.69%"
"06/01/1981","426.00","483.25","426.00","426.00","","-11.11%"
"05/01/1981","479.25","487.50","479.25","479.25","","-0.73%"
"04/01/1981","482.75","514.25","482.75","482.75","","-6.03%"
"03/01/1981","513.75","465.50","513.75","513.75","","5.06%"
"02/01/1981","489.00","493.50","489.00","489.00","","-3.46%"
"01/01/1981","506.50","586.00","506.50","506.50","","-13.57%"
"12/01/1980","586.00","635.30","586.00","586.00","","-5.94%"
"11/01/1980","623.00","640.50","623.00","623.00","","-0.95%"
"10/01/1980","629.00","682.00","629.00","629.00","","-5.66%"
"09/01/1980","666.75","631.25","666.75","666.75","","5.62%"
"08/01/1980","631.25","622.00","631.25","631.25","","2.77%"
"07/01/1980","614.25","660.00","614.25","614.25","","-6.01%"
"06/01/1980","653.50","561.50","653.50","653.50","","22.04%"
"05/01/1980","535.50","490.00","535.50","535.50","","3.38%"
"04/01/1980","518.00","509.50","518.00","518.00","","4.65%"
"03/01/1980","495.00","663.75","495.00","495.00","","-22.29%"
"02/01/1980","637.00","676.50","637.00","637.00","","-2.45%"
"01/01/1980","653.00","512.00","653.00","653.00","","27.54%"
"12/01/1979","512.00","429.00","512.00","512.00","","23.11%"
"11/01/1979","415.90","378.75","415.90","415.90","","8.80%"
"10/01/1979","382.25","415.00","382.25","382.25","","-3.84%"
"09/01/1979","397.50","329.25","397.50","397.50","","26.05%"
"08/01/1979","315.35","290.30","315.35","315.35","","6.29%"
"07/01/1979","296.70","282.50","296.70","296.70","","6.92%"
"06/01/1979","277.50","275.35","277.50","277.50","","0.96%"
"05/01/1979","274.85","247.30","274.85","274.85","","11.93%"
"04/01/1979","245.55","239.95","245.55","245.55","","2.16%"
"03/01/1979","240.35","249.05","240.35","240.35","","-4.45%"
"02/01/1979","251.55","229.60","251.55","251.55","","7.64%"
"01/01/1979","233.70","226.80","233.70","233.70","","3.41%"
"12/01/1978","226.00","194.65","226.00","226.00","","16.86%"
"11/01/1978","193.40","227.75","193.40","193.40","","-20.28%"
"10/01/1978","242.60","217.35","242.60","242.60","","11.75%"
"09/01/1978","217.10","208.25","217.10","217.10","","4.02%"
"08/01/1978","208.70","205.35","208.70","208.70","","4.09%"
"07/01/1978","200.50","183.25","200.50","200.50","","9.53%"
"06/01/1978","183.05","183.35","183.05","183.05","","-0.60%"
"05/01/1978","184.15","169.55","184.15","184.15","","7.78%"
"04/01/1978","170.85","183.75","170.85","170.85","","-5.92%"
"03/01/1978","181.60","182.85","181.60","181.60","","-0.36%"
"02/01/1978","182.25","176.40","182.25","182.25","","3.49%"
"01/01/1978","176.10","169.20","176.10","176.10","","6.75%"
"12/01/1977","164.96","160.65","164.96","164.96","","3.10%"
"11/01/1977","160.00","162.75","160.00","160.00","","-0.93%"
"10/01/1977","161.50","155.70","161.50","161.50","","4.73%"
"09/01/1977","154.20","145.75","154.20","154.20","","5.62%"
"08/01/1977","146.00","144.55","146.00","146.00","","1.14%"
"07/01/1977","144.35","142.55","144.35","144.35","","0.94%"
"06/01/1977","143.00","143.85","143.00","143.00","","-0.21%"
"05/01/1977","143.30","148.35","143.30","143.30","","-2.68%"
"04/01/1977","147.25","148.30","147.25","147.25","","-1.11%"
"03/01/1977","148.90","141.40","148.90","148.90","","4.31%"
"02/01/1977","142.75","132.90","142.75","142.75","","7.90%"
"01/01/1977","132.30","135.60","132.30","132.30","","-1.82%"
"12/01/1976","134.75","130.50","134.75","134.75","","3.45%"
"11/01/1976","130.25","122.95","130.25","130.25","","5.77%"
"10/01/1976","123.15","114.60","123.15","123.15","","5.94%"
"09/01/1976","116.25","105.70","116.25","116.25","","11.40%"
"08/01/1976","104.35","112.20","104.35","104.35","","-7.49%"
"07/01/1976","112.80","122.90","112.80","112.80","","-8.89%"
"06/01/1976","123.80","126.65","123.80","123.80","","-1.35%"
"05/01/1976","125.50","128.35","125.50","125.50","","-2.26%"
"04/01/1976","128.40","129.20","128.40","128.40","","-0.93%"
"03/01/1976","129.60","132.45","129.60","129.60","","-2.23%"
"02/01/1976","132.55","130.50","132.55","132.55","","3.23%"
"01/01/1976","128.40","138.70","128.40","128.40","","-8.51%"
"12/01/1975","140.35","138.15","140.35","140.35","","-0.25%"
"11/01/1975","140.70","143.40","140.70","140.70","","-1.64%"
"10/01/1975","143.05","143.75","143.05","143.05","","1.17%"
"09/01/1975","141.40","149.40","141.40","141.40","","-11.63%"
"08/01/1975","160.00","167.00","160.00","160.00","","-4.16%"
"07/01/1975","166.95","166.60","166.95","166.95","","0.36%"
"06/01/1975","166.35","161.90","166.35","166.35","","-0.51%"
"05/01/1975","167.20","166.00","167.20","167.20","","0.12%"
"04/01/1975","167.00","177.25","167.00","167.00","","-5.11%"
"03/01/1975","176.00","182.10","176.00","176.00","","-3.30%"
"02/01/1975","182.00","176.50","182.00","182.00","","3.38%"
"01/01/1975","176.05","175.25","176.05","176.05","","-5.73%"